Jobye,1
Wittie,1
Vladimir,1
Dorelle,2
Lanni,2
Nady,2
Amy,3
Lamont,8
Floris,9
Murvyn,10
Minerva,11
Ranice,12
Templeton,13
Romonda,14
Cornell,15
Thomas,16
Thomasine,17
Grazia,18
Alexia,19
Irma,20
Demeter,21
Raeann,22
Raimundo,23
Trenna,24
Sherry,25
Arlinda,26
Carry,27
Winn,28
Sumner,29
Joseph,30
Margie,31
Wrennie,32
Tobie,33
Barry,34
Townie,35
Lea,36
Larina,37
Alaric,38
Miranda,39
Bartram,40
Orel,41
Dorri,42
Delores,43
Amelina,44
Cristionna,45
Michale,46
Neale,47
Kass,48
Garrott,49
Willie,50
Alric,51
Glenda,52
Bettye,53
Georgeanna,54
Fancie,55
Heall,56
Maridel,57
Zara,58
Charla,59
Curry,60
Hershel,61
Molly,62
Chevy,63
Naoma,64
Janifer,65
Lock,66
Frederik,67
Dorena,68
Olenka,69
Gasper,70
Karen,71
Bamby,72
Matteo,73
Rozanne,74
Devonna,75
Tanitansy,76
Fiorenze,77
Lydia,78
Tommy,79
Land,80
Rorie,81
Myrwyn,82
Roby,83
Quint,84
Darya,85
Aubrie,86
Krystalle,87
Filip,88
Cleve,89
Noellyn,90
Nappy,91
Rafe,92
Frederic,93
Janenna,94
Ellary,95
Clari,96
Bailey,97
Sabrina,98
Free,99
Gavrielle,100
Belita,101
Nicola,102
Mohammed,103
Leonardo,104
Rudy,105
Sansone,106
Harmonia,107
James,108
Frannie,109
Bea,110
Karole,111
Levin,112
Virgie,113
Bowie,114
Sully,115
Bax,116
Muffin,117
Gabey,118
Malissia,119
Diannne,120
Leesa,121
Leela,122
Katlin,123
Marlon,124
Cass,125
Boothe,126
Dixie,127
Menard,128
Breanne,129
Felix,130
Agneta,131
Ric,132
Christy,133
Austine,134
Corrine,135
Sapphira,136
Valida,137
Konstantine,138
Bordie,139
Stace,140
Petey,141
Euphemia,142
Moina,143
Hazel,144
Lincoln,145
Miquela,146
Kora,147
Miquela,148
Cornelius,149
Patti,150
Lizette,151
Edyth,152
Belinda,153
Maddy,154
Marybelle,155
Norrie,156
Debra,157
Trever,158
Letti,159
Sallee,160
Ted,161
Lenard,162
Talyah,163
Brenda,164
Melonie,165
Brianna,166
Roderick,167
Yance,168
Heida,169
Maxim,170
Cindi,171
Bell,172
Drucie,173
Dagmar,174
Jackelyn,175
Dede,176
Mechelle,177
Reade,178
Theobald,179
Elva,180
Melisenda,181
Calypso,182
Angie,183
Enrichetta,184
Hadria,185
Alisun,186
Charyl,187
Ewart,188
Moyna,189
Reynolds,190
Charla,191
Dulcia,192
Cleavland,193
Bone,194
Ker,195
Korey,196
Waite,197
Ruy,198
Robbi,199
Antonetta,200
Denys,201
Charyl,202
Rubie,203
Kathe,204
Celene,205
Tabby,206
Fan,207
Tannie,208
Niels,209
Lizbeth,210
Whitney,211
Wake,212
Carlotta,213
Lynea,214
Sarette,215
Roddy,216
Bertrand,217
Fiorenze,218
Monte,219
Astrid,220
Cris,221
Rosabel,222
Jeramie,223
Wiley,224
Irvin,225
Theodosia,226
Toinette,227
Constancy,228
Starlin,229
Natala,230
Janelle,231
Loy,232
Valdemar,233
Georgianna,234
Jessee,235
Korry,236
May,237
Woodie,238
Aurelia,239
Arleta,240
Cosmo,241
Linda,242
Malinde,243
Locke,244
Kirk,245
Charlene,246
Archie,247
Myranda,248
Annamarie,249
Hailey,250
Delila,251
Paloma,252
Casi,253
Alix,254
Reeta,255
Cordi,256
Judah,257
Rennie,258
Karoly,259
Linette,260
Mark,261
Crissie,262
Hayley,263
Caryn,264
Eldin,265
Margeaux,266
Sallee,267
Paddie,268
Lynnet,269
Jori,270
Amie,271
Freeland,272
Jo-anne,273
Beulah,274
Angelica,275
Wilfred,276
Bradford,277
Penni,278
Sansone,279
Elfrida,280
Dallas,281
Karlotte,282
Kris,283
Berkeley,284
Devland,285
Simone,286
Clive,287
Loutitia,288
Trever,289
Trefor,290
Granville,291
Euell,292
Sander,293
Ric,294
Stoddard,295
Hughie,296
Kimmie,297
Jordana,298
Cad,299
Marijn,300
Gertruda,301
Elbertina,302
Marcellina,303
Vanya,304
Charis,305
Phoebe,306
Deena,307
Hebert,308
Faber,309
Quentin,310
Moses,311
Brandice,312
Howard,313
Dru,314
Reid,315
Niki,316
Karlie,317
Darbie,318
Davey,319
Jan,320
Sharai,321
Bendicty,322
Zitella,323
Hailey,324
Jamison,325
Simona,326
Didi,327
Bobby,328
Nessi,329
Roldan,330
Gayelord,331
Dael,332
Jone,333
Ronna,334
Cal,335
Mahmoud,336
Fayth,337
Brandtr,338
Jackquelin,339
Reginald,340
Viv,341
Eduard,342
Audre,343
Wynn,344
Tad,345
Harald,346
Dyane,347
Brooke,348
Gael,349
Gracia,350
Rey,351
Tabby,352
Abram,353
Else,354
Emogene,355
Niven,356
Lidia,357
Melisande,358
Glen,359
Laurene,360
Ginnie,361
Clerissa,362
Salomone,363
Dana,364
Gannie,365
Rance,366
Monah,367
Chad,368
Padriac,369
Ynes,370
Hube,371
Gene,372
Aldwin,373
Juliane,374
Callie,375
Clarisse,376
Siana,377
Irvine,378
Dione,379
Kimbell,380
Marget,381
Patricio,382
Rochella,383
Maye,384
Roberto,385
Emory,386
Caresa,387
Philbert,388
Eachelle,389
Mikel,390
Lola,391
Maude,392
Dolli,393
Doll,394
Euphemia,395
Vi,396
Krispin,397
Danell,398
Rozele,399
Rollin,400
Britta,401
Kylen,402
Claudelle,403
Donny,404
Juliana,405
Erda,406
Elladine,407
Calida,408
Bliss,409
Masha,410
Zorah,411
Bobbye,412
Fredrika,413
Ashlin,414
Hollyanne,415
Arlene,416
Morten,417
Sandra,418
Rosamond,419
Aimee,420
Malissia,421
Gradey,422
Marybeth,423
Serge,424
Katerine,425
Damian,426
Tam,427
Jeannine,428
Aubrette,429
Isidora,430
Dinnie,431
Anitra,432
Zilvia,433
Edi,434
Guillaume,435
Timmi,436
Tillie,437
Augustine,438
Flora,439
Andromache,440
Keane,441
Willard,442
Peyton,443
Hollis,444
Towny,445
Lucinda,446
Alexandra,447
Alexander,448
Netti,449
Kandace,450
Eulalie,451
Vince,452
Henka,453
Scottie,454
Jo-anne,455
Janith,456
Giralda,457
Rowney,458
Obadias,459
Marnia,460
Dallon,461
Alexina,462
Hallsy,463
Jackquelin,464
Lorrie,465
Kennedy,466
Farr,467
Arri,468
Rozele,469
Nessa,470
Pat,471
Lorrin,472
Hedy,473
Lisette,474
Libbey,475
Kamila,476
David,477
Forester,478
Saul,479
Lorna,480
Kelsey,481
Keri,482
Francisca,483
Tait,484
Joly,485
Alina,486
Maryjane,487
Bob,488
Baxy,489
Lucila,490
Griffy,491
Shirley,492
Timofei,493
Kaila,494
Herschel,495
Bernard,496
Andonis,497
Uri,498
Zechariah,499
Bearnard,500
Gorden,501
Dugald,502
Cecile,503
Evvie,504
Burk,505
Stesha,506
Lindsy,507
Berton,508
Willy,509
Eddie,510
Joyan,511
Linea,512
Jackquelin,513
Avigdor,514
Helenelizabeth,515
Kathe,516
Clifford,517
Sofia,518
Bryna,519
Gilda,520
Mitchael,521
Delores,522
Maritsa,523
Lewes,524
Conchita,525
Cale,526
Claudette,527
Carlyn,528
Bondie,529
Pearl,530
Sherwin,531
Cordi,532
Robyn,533
Stavro,534
Cyril,535
Farleigh,536
Neill,537
Loise,538
Murry,539
Nero,540
Dewitt,541
Ainslee,542
Murdoch,543
Daphna,544
Damiano,545
Frederica,546
Beatrisa,547
Tiffanie,548
Bradley,549
Aime,550
Judie,551
Brander,552
Caterina,553
Dag,554
Vaughan,555
Marcello,556
Amargo,557
Hobey,558
Wakefield,559
Shem,560
Pat,561
Felicio,562
Lane,563
Tybalt,564
Katharyn,565
Tildy,566
Berti,567
Lianne,568
Barbe,569
Petey,570
Talbot,571
Milzie,572
Newton,573
Jimmie,574
Patience,575
Maryrose,576
Thaine,577
Tommy,578
Austin,579
Nixie,580
Tracee,581
Katerina,582
Lindsey,583
Hillyer,584
Eda,585
Orly,586
Valene,587
Daryl,588
Bell,589
Vin,590
Joycelin,591
Kara-lynn,592
Madlen,593
Clywd,594
Haleigh,595
Martica,596
Reuben,597
Cass,598
Happy,599
Lorinda,600
Sarah,601
Daryle,602
Ivor,603
Nathalia,604
Madeline,605
Andres,606
Blanche,607
Lynnelle,608
Bernadene,609
Cecile,610
Fraze,611
Bartlett,612
Jemimah,613
Ettore,614
Larry,615
Susie,616
Derril,617
Eolanda,618
Weylin,619
Cissy,620
Dorie,621
Davy,622
Bellanca,623
Addie,624
Krista,625
Charles,626
Kaitlin,627
Mathilda,628
Stevena,629
Tabby,630
Chilton,631
Trescha,632
Cally,633
Maritsa,634
Alvira,635
Wiley,636
Claudell,637
Anna-diana,638
Lisle,639
Garey,640
Kelcey,641
Rowen,642
Chic,643
Sheffie,644
Hewitt,645
Godfrey,646
Kelley,647
Minni,648
Chad,649
Cosetta,650
Isa,651
Nathaniel,652
Kriste,653
Aloysius,654
Maurits,655
Pammy,656
Chad,657
Vanya,658
Edsel,659
Kienan,660
Korney,661
Carree,662
Violante,663
Anderea,664
Evania,665
Demetre,666
Hurley,667
Gerianne,668
Evan,669
Joella,670
Nelson,671
Gerri,672
Thor,673
Alexine,674
Mycah,675
Emelita,676
Isabel,677
Giordano,678
Colleen,679
Scarface,680
Cristian,681
Ase,682
Donni,683
Sinclair,684
Garold,685
Tanney,686
Menard,687
Rodi,688
Clari,689
Cale,690
Gabbie,691
Dorise,692
Aaron,693
Esra,694
Barton,695
Weston,696
Mile,697
Cherlyn,698
Chane,699
Wright,700
Aleece,701
Wally,702
Hobard,703
Erick,704
Marsiella,705
Cherie,706
Shurlocke,707
Sidonnie,708
Adelbert,709
Em,710
Valle,711
Leon,712
Juan,713
Alasteir,714
Jodie,715
Kania,716
Zollie,717
Woodie,718
Sampson,719
Jarret,720
Valma,721
Marna,722
Elbert,723
Hewie,724
Hal,725
Roxy,726
Dennison,727
Mack,728
Ogden,729
Hilly,730
Nataline,731
Shannah,732
Rosamund,733
Derrek,734
Bobina,735
Seymour,736
Dorisa,737
Dore,738
Giorgi,739
Ferrell,740
Ebonee,741
Josey,742
Albrecht,743
Maybelle,744
Joleen,745
Talyah,746
Nadine,747
Katie,748
Trisha,749
Valentia,750
Colby,751
Sanderson,752
Claudio,753
Matthaeus,754
Adolf,755
Andriette,756
Erin,757
Brice,758
Alfy,759
Elspeth,760
Dallis,761
Daren,762
Halsey,763
Desmund,764
Lavinie,765
Dyana,766
Ira,767
Anita,768
Jannel,769
Rebe,770
Gerti,771
Devin,772
Michaela,773
Dalli,774
Rosie,775
Catharine,776
Drucill,777
Quintilla,778
Aggie,779
Standford,780
Bendite,781
Sullivan,782
Drud,783
Silvano,784
Bartolomeo,785
Salomo,786
Morna,787
Trever,788
Kristoffer,789
Sydelle,790
Lynnet,791
Opal,792
Omar,793
Sidonnie,794
Sayre,795
Berry,796
Merrielle,797
Delinda,798
Melba,799
Donovan,800
Jillie,801
Flore,802
Madelina,803
Shandie,804
Cobbie,805
King,806
Gael,807
Judd,808
Terrell,809
Graehme,810
Brittan,811
Hortensia,812
Nataniel,813
Rosamond,814
Malory,815
Benedikta,816
Leann,817
Willie,818
Dante,819
Minnie,820
Ebonee,821
Krissie,822
Rosalynd,823
Jennette,824
Kristo,825
Colly,826
Matteo,827
Olympie,828
Garvin,829
Glenna,830
Farrah,831
Elvina,832
Mabelle,833
Doralynne,834
Rori,835
Ronald,836
Prince,837
Gavra,838
Janel,839
Woodrow,840
Orville,841
Seth,842
Delila,843
Stormie,844
Quent,845
Maressa,846
Ari,847
Nowell,848
Liz,849
Suki,850
Hernando,851
Anya,852
Merell,853
Jorie,854
Mitchell,855
Letty,856
Tanner,857
Sascha,858
Farlie,859
Alex,860
Jenna,861
Glynis,862
Homere,863
Beth,864
Alf,865
Silas,866
Hyacinthie,867
Annaliese,868
Julie,869
Tiphany,870
Dorelia,871
Carolina,872
Daven,873
Natka,874
Bernadina,875
Addy,876
Lancelot,877
Helaine,878
Adolphe,879
Shelba,880
Frederick,881
Dorine,882
Garvy,883
Salmon,884
Leese,885
Natka,886
Bernadine,887
Ingram,888
Lemmy,889
Roseline,890
Jo,891
Inger,892
Christopher,893
Cecily,894
Neille,895
Liam,896
Graig,897
Raf,898
Ludovika,899
Devan,900
Kaylyn,901
Wendall,902
Arlena,903
Cordula,904
Elissa,905
Morganica,906
Zitella,907
Valentin,908
Theodoric,909
Davy,910
Meghan,911
Cleveland,912
Launce,913
Salomone,914
Correna,915
Hillyer,916
Elton,917
Zebulon,918
Kristal,919
Tessi,920
Jolyn,921
Cathyleen,922
Keith,923
Leta,924
Taber,925
Kalie,926
Bram,927
Magnum,928
Kelsey,929
Anneliese,930
Wynn,931
Gail,932
Abel,933
Reeba,934
Roberto,935
Roscoe,936
Ailis,937
Michel,938
Muhammad,939
Nicolis,940
Ursulina,941
Tabatha,942
Lloyd,943
Caralie,944
Danyette,945
Inger,946
Godard,947
Wells,948
Augie,949
Ardelia,950
Darleen,951
Mendie,952
Cathleen,953
Giovanna,954
Yuma,955
Brewster,956
Terrence,957
Corty,958
Cos,959
Shanie,960
Clive,961
Adrien,962
Franny,963
Orsola,964
Corrianne,965
Gawen,966
Leann,967
Flemming,968
Demeter,969
Blake,970
Roman,971
Dinah,972
Vale,973
Ginevra,974
Ophelia,975
Clair,976
Tana,977
Ossie,978
Hilda,979
Francene,980
Filmore,981
Lisette,982
Luciana,983
Wally,984
Giacomo,985
Charissa,986
Juan,987
Jackelyn,988
Elnora,989
Gustaf,990
Koren,991
Fran,992
Junia,993
Nicolle,994
Euell,995
Fanni,996
Winfred,997
Niels,998
Kiah,999
Lyndsey,1000